{"cameraMode":{"drawMode":0,"name":"Shaded","section":"Shading Mode"},"sceneLighting":true,"audioPlay":false,"sceneViewState":{"showFog":true,"showMaterialUpdate":false,"showSkybox":true,"showFlares":true,"showImageEffects":true,"showParticleSystems":true},"in2DMode":false,"pivot":{"x":971.7146606445313,"y":1177.0936279296875,"z":-161.795166015625},"rotation":{"x":-0.07939881086349487,"y":0.02093212679028511,"z":-0.0016676195664331318,"w":-0.9966217875480652},"size":693.8143920898438,"orthographic":false}