{"cameraMode":{"drawMode":0,"name":"Shaded","section":"Shading Mode"},"sceneLighting":true,"audioPlay":false,"sceneViewState":{"showFog":true,"showMaterialUpdate":false,"showSkybox":true,"showFlares":true,"showImageEffects":true,"showParticleSystems":true},"in2DMode":false,"pivot":{"x":4.3125,"y":-0.9146728515625,"z":8.984296798706055},"rotation":{"x":-0.00923054851591587,"y":0.7295740842819214,"z":-0.009850865229964257,"w":-0.683768630027771},"size":0.9859902262687683,"orthographic":true}