{"cameraMode":{"drawMode":0,"name":"Shaded","section":"Shading Mode"},"sceneLighting":true,"audioPlay":false,"sceneViewState":{"showFog":true,"showMaterialUpdate":false,"showSkybox":true,"showFlares":true,"showImageEffects":true,"showParticleSystems":true},"in2DMode":false,"pivot":{"x":539.9620361328125,"y":998.3650512695313,"z":-0.6896688938140869},"rotation":{"x":0.00899674091488123,"y":-0.026699500158429147,"z":-0.00024030251370277256,"w":-0.9996029734611511},"size":1403.3780517578125,"orthographic":true}